Atencion Level; Meditation Level; Blink; Life; Distance; Speed; Time played; Difficulty;Target;;;;
60;78;0;3;5;5;15;easy;Moderadamente Alta;;;;
60;69;0;3;11;5;16;easy;Moderadamente Alta;;;Target;Count of Target
47;48;0;3;16;5;17;easy;Intermediária;;;Alta;148
53;56;0;3;21;5;18;easy;Intermediária;;;Baixa;60
67;51;0;3;26;5;19;easy;Moderadamente Alta;;;Intermediária;276
77;53;0;3;31;5;20;easy;Alta;;;Moderadamente Alta;233
93;66;0;3;36;5;21;easy;Muito Alta;;;Moderadamente Baixa;98
91;60;0;3;41;5;23;easy;Muito Alta;;;Muito Alta;23
66;63;0;3;46;5;24;easy;Moderadamente Alta;;;Muito Baixa;15
60;51;0;3;52;7,684929;25;hard;Moderadamente Alta;;;;
43;47;0;3;61;8,574551;26;hard;Intermediária;;;;
40;38;0;3;70;8,599216;27;hard;Intermediária;;;;
38;35;0;3;78;8,599981;28;hard;Moderadamente Baixa;;;;
35;34;0;3;87;8,599997;29;hard;Moderadamente Baixa;;;;
43;30;0;3;96;8,599997;30;hard;Intermediária;;;;
50;40;0;3;105;8,599997;31;hard;Intermediária;;;;
53;56;0;3;114;8,599997;32;hard;Intermediária;;;;
57;75;0;3;122;8,599997;33;hard;Intermediária;;;;
51;80;0;3;131;8,599997;34;hard;Intermediária;;;;
51;69;0;3;140;8,72946;35;hard;Intermediária;;;;
67;56;0;3;148;8,2255;36;hard;Moderadamente Alta;;;;
64;61;0;3;156;8,7;37;hard;Moderadamente Alta;;;;
75;57;0;3;164;8,4;38;hard;Alta;;;;
81;64;0;3;172;8,4;39;hard;Alta;;;;
66;74;0;3;181;8,4;40;hard;Moderadamente Alta;;;;
69;64;0;3;189;8,4;41;hard;Moderadamente Alta;;;;
53;78;0;3;197;8,4;42;hard;Intermediária;;;;
53;78;0;3;205;8,4;43;hard;Intermediária;;;;
56;88;0;3;213;8,4;44;hard;Intermediária;;;;
51;100;0;3;222;8,4;45;hard;Intermediária;;;;
64;96;0;3;230;8,4;46;hard;Moderadamente Alta;;;;
54;94;0;3;238;8,4;47;hard;Intermediária;;;;
48;75;0;3;246;8,4;48;hard;Intermediária;;;;
48;61;0;3;254;8,4;49;hard;Intermediária;;;;
40;56;0;3;263;8,4;50;hard;Intermediária;;;;
56;57;0;3;271;8,4;51;hard;Intermediária;;;;
60;66;0;3;279;8,4;52;hard;Moderadamente Alta;;;;
70;61;0;3;287;8,4;53;hard;Moderadamente Alta;;;;
81;60;0;3;296;8,342003;54;hard;Alta;;;;
64;53;0;3;305;9,767155;55;hard;Moderadamente Alta;;;;
78;50;0;3;315;9,799087;56;hard;Alta;;;;
84;48;0;3;325;9,799975;57;hard;Alta;;;;
84;61;0;3;335;9,799996;58;hard;Alta;;;;
100;75;0;3;346;9,799996;59;hard;Muito Alta;;;;
100;74;0;3;356;9,799996;60;hard;Muito Alta;;;;
94;81;0;3;366;9,799996;61;hard;Muito Alta;;;;
88;81;0;3;376;9,799996;62;hard;Alta;;;;
90;81;0;3;386;9,799996;63;hard;Muito Alta;;;;
64;87;0;3;395;8,976571;64;expert;Moderadamente Alta;;;;
66;91;0;3;404;8,608484;66;expert;Moderadamente Alta;;;;
63;90;0;3;413;8,600262;67;expert;Moderadamente Alta;;;;
43;84;0;3;422;8,600007;68;expert;Intermediária;;;;
63;91;0;3;431;8,600004;69;expert;Moderadamente Alta;;;;
56;84;0;3;440;8,600004;70;expert;Intermediária;;;;
67;77;0;3;448;8,600004;71;expert;Moderadamente Alta;;;;
61;75;0;3;457;8,600004;72;expert;Moderadamente Alta;;;;
50;63;0;3;466;8,600004;73;expert;Intermediária;;;;
63;63;0;3;475;8,600004;74;expert;Moderadamente Alta;;;;
70;64;0;3;483;8,600004;75;hard;Moderadamente Alta;;;;
74;67;0;3;492;8,600004;76;hard;Moderadamente Alta;;;;
77;61;0;3;501;8,600004;77;hard;Alta;;;;
67;57;0;3;510;8,600004;78;hard;Moderadamente Alta;;;;
74;66;0;3;518;8,600004;79;hard;Moderadamente Alta;;;;
67;63;0;3;527;8,600004;80;hard;Moderadamente Alta;;;;
53;74;0;3;536;8,600004;81;hard;Intermediária;;;;
66;78;0;3;545;8,600004;82;hard;Moderadamente Alta;;;;
54;74;0;3;554;8,600004;83;hard;Intermediária;;;;
56;74;0;3;563;8,600004;84;hard;Intermediária;;;;
64;66;0;3;571;8,53178;85;hard;Moderadamente Alta;;;;
56;70;0;3;579;8,873;86;hard;Intermediária;;;;
75;78;0;3;588;8,19;87;hard;Alta;;;;
75;78;0;3;596;8,4;88;hard;Alta;;;;
77;93;0;3;604;8,4;89;hard;Alta;;;;
74;83;0;3;612;8,4;90;hard;Moderadamente Alta;;;;
54;83;0;3;620;8,4;91;hard;Intermediária;;;;
48;96;0;3;628;8,4;92;hard;Intermediária;;;;
57;87;0;3;637;8,4;93;hard;Intermediária;;;;
66;91;0;3;645;8,4;94;hard;Moderadamente Alta;;;;
74;81;0;3;654;8,574566;95;expert;Moderadamente Alta;;;;
74;70;0;3;662;8,599364;96;expert;Moderadamente Alta;;;;
60;70;0;3;671;8,599979;97;expert;Moderadamente Alta;;;;
56;74;0;4;680;8,599997;98;expert;Intermediária;;;;
66;78;0;4;688;8,599997;99;expert;Moderadamente Alta;;;;
74;75;0;4;697;8,599997;100;expert;Moderadamente Alta;;;;
60;51;0;4;706;8,599997;101;expert;Moderadamente Alta;;;;
56;47;0;4;715;8,599997;102;expert;Intermediária;;;;
48;41;0;4;724;8,599997;103;expert;Intermediária;;;;
40;38;0;4;732;8,274797;104;normal;Intermediária;;;;
64;69;0;4;740;7,415963;105;normal;Moderadamente Alta;;;;
61;54;0;4;748;7,400444;106;normal;Moderadamente Alta;;;;
67;63;0;4;755;7,400015;107;normal;Moderadamente Alta;;;;
69;60;0;4;763;7,400002;108;normal;Moderadamente Alta;;;;
54;50;0;4;770;7,400002;109;normal;Intermediária;;;;
74;44;0;4;778;7,400002;110;normal;Moderadamente Alta;;;;
70;47;0;4;785;7,400002;112;normal;Moderadamente Alta;;;;
87;51;0;4;793;7,400002;113;normal;Alta;;;;
70;74;0;4;800;7,400002;114;normal;Moderadamente Alta;;;;
70;77;0;4;808;8,502644;115;hard;Moderadamente Alta;;;;
51;66;0;4;817;9,184291;116;hard;Intermediária;;;;
54;74;0;4;827;9,199564;117;hard;Intermediária;;;;
50;70;0;4;836;9,199986;118;hard;Intermediária;;;;
61;78;0;4;845;9,199996;119;hard;Moderadamente Alta;;;;
70;83;0;4;855;9,199996;120;hard;Moderadamente Alta;;;;
67;81;0;4;865;9,199996;121;hard;Moderadamente Alta;;;;
81;88;0;4;874;9,199996;122;hard;Alta;;;;
83;84;0;4;883;9,199996;123;hard;Alta;;;;
81;97;0;4;893;9,199996;124;hard;Alta;;;;
87;100;0;4;902;9,688819;125;expert;Alta;;;;
80;91;0;4;912;9,796563;126;expert;Alta;;;;
70;100;0;4;922;9,799914;127;expert;Moderadamente Alta;;;;
84;87;0;4;932;9,799996;128;expert;Alta;;;;
78;74;0;4;942;9,799996;129;expert;Alta;;;;
80;69;0;4;952;9,799996;130;expert;Alta;;;;
77;57;0;4;962;9,799996;131;expert;Alta;;;;
74;60;0;4;972;9,799996;132;expert;Moderadamente Alta;;;;
78;66;0;4;982;9,799996;133;expert;Alta;;;;
78;81;0;3;992;9,799996;134;expert;Alta;;;;
80;80;0;3;1002;9,799996;135;expert;Alta;;;;
78;91;0;3;1012;9,799996;136;expert;Alta;;;;
78;91;0;3;1022;9,799996;137;expert;Alta;;;;
75;77;0;3;1032;9,799996;138;expert;Alta;;;;
66;87;0;3;1042;9,799996;139;expert;Moderadamente Alta;;;;
64;78;0;3;1052;9,799996;140;expert;Moderadamente Alta;;;;
61;78;0;3;1063;9,799996;141;expert;Moderadamente Alta;;;;
61;78;0;3;1073;9,799996;142;expert;Moderadamente Alta;;;;
61;78;0;3;1083;9,799996;143;expert;Moderadamente Alta;;;;
87;47;0;3;1093;9,799996;144;expert;Alta;;;;
88;41;0;3;1103;9,799996;145;hard;Alta;;;;
88;41;0;3;1113;9,799996;146;hard;Alta;;;;
57;81;0;3;1123;9,799996;147;hard;Intermediária;;;;
56;87;0;3;1132;9,799996;148;hard;Intermediária;;;;
67;81;0;3;1142;9,799996;149;hard;Moderadamente Alta;;;;
54;75;0;3;1153;9,799996;150;hard;Intermediária;;;;
54;87;0;3;1162;9,799996;151;hard;Intermediária;;;;
53;88;0;3;1172;9,799996;152;hard;Intermediária;;;;
60;78;0;3;1182;9,799996;153;hard;Moderadamente Alta;;;;
60;78;0;3;1192;9,571997;154;hard;Moderadamente Alta;;;;
66;57;0;3;1202;8,621897;155;hard;Moderadamente Alta;;;;
75;60;0;3;1210;8,600677;156;hard;Alta;;;;
78;66;0;3;1219;8,60002;157;hard;Alta;;;;
84;63;0;3;1228;8,600004;159;hard;Alta;;;;
88;61;0;3;1237;8,600004;160;hard;Alta;;;;
83;47;0;3;1246;8,600004;161;hard;Alta;;;;
81;43;0;3;1255;8,600004;162;hard;Alta;;;;
94;48;0;3;1263;8,600004;163;hard;Muito Alta;;;;
83;50;0;3;1272;8,600004;164;hard;Alta;;;;
88;67;0;3;1281;9,335097;165;expert;Alta;;;;
94;66;0;3;1291;9,785634;166;expert;Muito Alta;;;;
84;78;0;3;1301;9,799765;167;expert;Alta;;;;
97;70;0;3;1311;9,799993;168;expert;Muito Alta;;;;
94;78;0;3;1321;9,799996;169;expert;Muito Alta;;;;
88;78;0;3;1331;9,799996;170;expert;Alta;;;;
93;78;0;3;1341;9,799996;171;expert;Muito Alta;;;;
77;87;0;3;1351;9,799996;172;expert;Alta;;;;
70;80;0;3;1361;9,799996;173;expert;Moderadamente Alta;;;;
56;88;0;3;1371;9,799996;174;expert;Intermediária;;;;
56;81;0;3;1380;8,333542;175;hard;Intermediária;;;;
63;83;0;3;1389;8,6762;176;hard;Moderadamente Alta;;;;
77;69;0;3;1397;8,188;177;hard;Alta;;;;
84;69;0;3;1405;8,6;178;hard;Alta;;;;
80;77;0;4;1413;8,4;179;hard;Alta;;;;
80;69;0;4;1421;8,4;180;hard;Alta;;;;
77;80;0;4;1429;8,4;181;hard;Alta;;;;
77;70;0;4;1437;8,4;182;hard;Alta;;;;
78;66;0;4;1445;8,4;183;hard;Alta;;;;
77;67;0;4;1454;8,4;184;hard;Alta;;;;
67;75;0;4;1462;8,527055;185;hard;Moderadamente Alta;;;;
63;83;0;4;1471;8,597745;186;hard;Moderadamente Alta;;;;
66;83;0;4;1480;8,599931;187;hard;Moderadamente Alta;;;;
63;88;0;4;1488;8,599997;188;hard;Moderadamente Alta;;;;
63;97;0;4;1497;8,599997;189;hard;Moderadamente Alta;;;;
78;80;0;4;1506;8,599997;190;hard;Alta;;;;
87;87;0;4;1515;8,599997;191;hard;Alta;;;;
83;80;0;4;1523;8,599997;192;hard;Alta;;;;
81;69;0;4;1532;8,599997;193;hard;Alta;;;;
67;80;0;4;1541;8,599997;194;hard;Moderadamente Alta;;;;
48;64;0;4;1550;8,599997;195;hard;Intermediária;;;;
50;57;0;4;1559;8,599997;196;hard;Intermediária;;;;
63;67;0;4;1567;8,599997;197;hard;Moderadamente Alta;;;;
75;61;0;4;1576;8,599997;198;hard;Alta;;;;
75;61;0;4;1585;8,599997;199;hard;Alta;;;;
91;61;0;4;1594;8,599997;200;hard;Muito Alta;;;;
83;66;0;4;1603;8,599997;201;hard;Alta;;;;
78;70;0;4;1611;8,599997;202;hard;Alta;;;;
69;80;0;4;1620;8,599997;203;hard;Moderadamente Alta;;;;
67;90;0;4;1629;8,599997;204;hard;Moderadamente Alta;;;;
61;84;0;4;1638;8,599997;205;expert;Moderadamente Alta;;;;
51;81;0;4;1647;8,599997;206;expert;Intermediária;;;;
50;75;0;4;1655;8,599997;208;expert;Intermediária;;;;
50;75;0;4;1664;8,599997;209;expert;Intermediária;;;;
64;57;0;4;1673;8,599997;210;expert;Moderadamente Alta;;;;
67;69;0;4;1682;8,599997;211;expert;Moderadamente Alta;;;;
61;70;0;4;1691;8,599997;212;expert;Moderadamente Alta;;;;
50;75;0;4;1699;8,599997;213;expert;Intermediária;;;;
43;75;0;4;1708;8,599997;214;expert;Intermediária;;;;
40;64;0;4;1717;7,973955;215;hard;Intermediária;;;;
44;70;0;4;1725;7,417737;216;hard;Intermediária;;;;
38;74;0;4;1732;7,40036;217;hard;Moderadamente Baixa;;;;
38;74;0;4;1740;7,400012;218;hard;Moderadamente Baixa;;;;
48;96;0;4;1747;7,400002;219;hard;Intermediária;;;;
40;100;0;4;1755;7,400002;220;hard;Intermediária;;;;
41;100;0;4;1762;7,400002;221;hard;Intermediária;;;;
43;77;0;4;1770;7,400002;222;hard;Intermediária;;;;
43;60;0;4;1778;7,400002;223;hard;Intermediária;;;;
51;69;0;4;1785;7,400002;224;hard;Intermediária;;;;
47;78;0;4;1793;7,86274;225;hard;Intermediária;;;;
47;78;0;4;1801;7,995758;226;hard;Intermediária;;;;
44;66;0;4;1809;7,999869;227;hard;Intermediária;;;;
56;64;0;4;1817;7,999996;228;hard;Intermediária;;;;
60;64;0;4;1825;7,999998;229;hard;Moderadamente Alta;;;;
77;77;0;4;1833;7,999998;230;hard;Alta;;;;
77;77;0;4;1842;7,999998;231;hard;Alta;;;;
88;74;0;4;1850;7,999998;232;hard;Alta;;;;
97;66;0;4;1858;7,999998;233;hard;Muito Alta;;;;
96;78;0;4;1866;7,999998;234;hard;Muito Alta;;;;
75;64;0;4;1875;10,18729;235;expert;Alta;;;;
57;64;0;4;1886;10,39717;236;expert;Intermediária;;;;
60;66;0;4;1896;10,39995;237;expert;Moderadamente Alta;;;;
60;53;0;4;1907;10,4;238;expert;Moderadamente Alta;;;;
78;64;0;4;1917;10,4;239;expert;Alta;;;;
88;80;0;4;1928;10,4;240;expert;Alta;;;;
83;93;0;4;1938;10,4;241;expert;Alta;;;;
87;97;0;4;1949;10,4;242;expert;Alta;;;;
81;96;0;4;1959;10,4;243;expert;Alta;;;;
70;90;0;4;1970;10,4;244;expert;Moderadamente Alta;;;;
84;75;0;5;1980;9,295718;245;expert;Alta;;;;
70;64;0;5;1990;9,202957;246;expert;Moderadamente Alta;;;;
75;57;0;5;1999;9,200101;247;expert;Alta;;;;
80;51;0;5;2008;9,200004;248;expert;Alta;;;;
63;57;0;5;2017;9,200004;249;expert;Moderadamente Alta;;;;
66;63;0;5;2027;9,200004;250;expert;Moderadamente Alta;;;;
69;56;0;5;2036;9,200004;251;expert;Moderadamente Alta;;;;
75;63;0;5;2046;9,200004;252;expert;Alta;;;;
75;63;0;5;2055;9,200004;253;expert;Alta;;;;
77;54;0;4;2064;9,200004;254;expert;Alta;;;;
75;67;0;4;2074;9,200004;255;hard;Alta;;;;
69;64;0;4;2083;9,200004;256;hard;Moderadamente Alta;;;;
74;78;0;4;2092;9,200004;257;hard;Moderadamente Alta;;;;
80;78;0;4;2102;9,200004;258;hard;Alta;;;;
75;81;0;4;2111;9,200004;259;hard;Alta;;;;
69;80;0;4;2120;9,200004;260;hard;Moderadamente Alta;;;;
63;78;0;4;2130;9,200004;261;hard;Moderadamente Alta;;;;
54;84;0;4;2139;9,200004;263;hard;Intermediária;;;;
66;78;0;4;2149;9,200004;264;hard;Moderadamente Alta;;;;
70;74;0;4;2158;9,86003;265;expert;Moderadamente Alta;;;;
75;67;0;3;2167;8,613518;266;expert;Alta;;;;
50;67;0;3;2176;8,600375;267;expert;Intermediária;;;;
61;56;0;3;2184;8,600013;268;expert;Moderadamente Alta;;;;
54;74;0;3;2193;8,600004;269;expert;Intermediária;;;;
60;69;0;3;2202;8,600004;270;expert;Moderadamente Alta;;;;
75;75;0;3;2211;8,600004;271;expert;Alta;;;;
75;75;0;3;2220;8,600004;272;expert;Alta;;;;
81;69;0;3;2228;8,600004;273;expert;Alta;;;;
80;80;0;3;2237;8,600004;274;expert;Alta;;;;
83;87;0;3;2246;9,335097;275;expert;Alta;;;;
84;87;0;3;2256;9,788363;276;expert;Alta;;;;
87;83;0;3;2266;9,79971;277;expert;Alta;;;;
87;77;0;3;2276;9,799992;278;expert;Alta;;;;
84;77;0;3;2286;9,799996;279;expert;Alta;;;;
77;78;0;3;2296;9,799996;280;expert;Alta;;;;
69;88;0;3;2306;9,799996;281;expert;Moderadamente Alta;;;;
75;87;0;3;2316;9,799996;282;expert;Alta;;;;
74;81;0;3;2326;9,799996;283;expert;Moderadamente Alta;;;;
81;78;0;3;2336;9,799996;284;expert;Alta;;;;
84;64;0;3;2346;9,799996;285;hard;Alta;;;;
84;70;0;3;2356;9,799996;286;hard;Alta;;;;
88;78;0;3;2366;9,799996;287;hard;Alta;;;;
81;91;0;3;2376;9,799996;288;hard;Alta;;;;
81;91;0;3;2386;9,799996;289;hard;Alta;;;;
75;90;0;3;2395;9,799996;290;hard;Alta;;;;
75;78;0;3;2406;9,799996;291;hard;Alta;;;;
80;64;0;3;2416;9,799996;292;hard;Alta;;;;
75;69;0;3;2426;9,799996;293;hard;Alta;;;;
74;81;0;3;2435;9,799996;294;hard;Moderadamente Alta;;;;
67;84;0;3;2445;8,762101;295;expert;Moderadamente Alta;;;;
57;90;0;3;2454;8,605009;296;expert;Intermediária;;;;
69;78;0;3;2463;8,600172;297;expert;Moderadamente Alta;;;;
69;83;0;3;2471;8,600004;298;expert;Moderadamente Alta;;;;
67;83;0;3;2480;8,600004;299;expert;Moderadamente Alta;;;;
61;90;0;3;2489;8,600004;300;expert;Moderadamente Alta;;;;
54;90;0;3;2498;8,600004;301;expert;Intermediária;;;;
60;83;0;3;2506;8,600004;302;expert;Moderadamente Alta;;;;
60;83;0;3;2515;8,600004;303;expert;Moderadamente Alta;;;;
51;54;0;3;2524;8,600004;304;expert;Intermediária;;;;
35;67;0;3;2532;8,25434;305;hard;Moderadamente Baixa;;;;
26;66;0;3;2541;8,707;306;hard;Moderadamente Baixa;;;;
47;100;0;3;2549;8,24;307;hard;Intermediária;;;;
43;100;0;3;2557;8,4;308;hard;Intermediária;;;;
38;80;0;4;2565;8,4;309;hard;Moderadamente Baixa;;;;
41;66;0;4;2573;8,4;310;hard;Intermediária;;;;
44;54;0;4;2582;8,4;311;hard;Intermediária;;;;
38;57;0;4;2590;8,4;312;hard;Moderadamente Baixa;;;;
53;66;0;4;2598;8,4;313;hard;Intermediária;;;;
57;67;0;4;2606;8,4;315;hard;Intermediária;;;;
57;67;0;4;2614;8,4;316;hard;Intermediária;;;;
61;56;0;4;2622;8,4;317;hard;Moderadamente Alta;;;;
60;63;0;4;2630;8,4;318;hard;Moderadamente Alta;;;;
47;69;0;4;2638;8,4;319;hard;Intermediária;;;;
43;80;0;4;2646;8,4;320;hard;Intermediária;;;;
53;78;0;4;2655;8,4;321;hard;Intermediária;;;;
53;78;0;4;2663;8,4;322;hard;Intermediária;;;;
61;88;0;4;2671;8,4;323;hard;Moderadamente Alta;;;;
63;84;0;4;2679;8,4;324;hard;Moderadamente Alta;;;;
63;84;0;4;2687;8,245708;325;hard;Moderadamente Alta;;;;
63;94;0;4;2696;8,593534;326;hard;Moderadamente Alta;;;;
66;80;0;4;2705;8,599779;327;hard;Moderadamente Alta;;;;
77;77;0;4;2713;8,599993;328;hard;Alta;;;;
80;70;0;4;2722;8,599997;329;hard;Alta;;;;
80;70;0;4;2731;8,599997;330;hard;Alta;;;;
80;78;0;4;2740;8,599997;331;hard;Alta;;;;
67;90;0;4;2749;8,599997;332;hard;Moderadamente Alta;;;;
64;83;0;4;2757;8,599997;333;hard;Moderadamente Alta;;;;
70;78;0;4;2766;8,599997;334;hard;Moderadamente Alta;;;;
67;78;0;4;2775;8,599997;335;hard;Moderadamente Alta;;;;
74;57;0;4;2784;8,599997;336;hard;Moderadamente Alta;;;;
69;66;0;4;2792;8,599997;337;hard;Moderadamente Alta;;;;
56;61;0;4;2801;8,599997;338;hard;Intermediária;;;;
60;69;0;4;2810;8,599997;339;hard;Moderadamente Alta;;;;
64;84;0;4;2819;8,599997;340;hard;Moderadamente Alta;;;;
81;78;0;4;2828;8,599997;341;hard;Alta;;;;
84;87;0;4;2836;8,599997;342;hard;Alta;;;;
80;77;0;4;2845;8,599997;343;hard;Alta;;;;
75;67;0;4;2854;8,599997;344;hard;Alta;;;;
54;70;0;4;2863;8,599997;345;hard;Intermediária;;;;
53;70;0;4;2872;8,599997;346;hard;Intermediária;;;;
53;70;0;4;2880;8,599997;347;hard;Intermediária;;;;
63;56;0;4;2889;8,599997;348;hard;Moderadamente Alta;;;;
66;63;0;4;2898;8,599997;349;hard;Moderadamente Alta;;;;
64;67;0;4;2907;8,599997;350;hard;Moderadamente Alta;;;;
54;77;0;4;2915;8,599997;351;hard;Intermediária;;;;
50;67;0;4;2924;8,599997;352;hard;Intermediária;;;;
44;66;0;4;2933;8,599997;353;hard;Intermediária;;;;
44;64;0;4;2942;8,599997;354;hard;Intermediária;;;;
44;56;0;4;2950;7,469779;355;hard;Intermediária;;;;
48;61;0;4;2957;7,401572;356;hard;Intermediária;;;;
51;60;0;4;2965;7,400054;357;hard;Intermediária;;;;
63;57;0;4;2972;7,400002;358;hard;Moderadamente Alta;;;;
61;57;0;4;2980;7,400002;359;hard;Moderadamente Alta;;;;
57;66;0;4;2988;7,400002;360;hard;Intermediária;;;;
51;77;0;4;2995;7,400002;361;hard;Intermediária;;;;
47;77;0;4;3003;7,400002;362;hard;Intermediária;;;;
44;88;0;4;3010;7,400002;363;hard;Intermediária;;;;
48;84;0;4;3018;7,400002;364;hard;Intermediária;;;;
47;66;0;4;3026;7,400002;366;hard;Intermediária;;;;
60;51;0;4;3033;7,400002;367;hard;Moderadamente Alta;;;;
57;54;0;4;3040;7,400002;368;hard;Intermediária;;;;
60;51;0;5;3048;7,400002;369;hard;Moderadamente Alta;;;;
60;51;0;5;3056;7,400002;370;hard;Moderadamente Alta;;;;
44;70;0;5;3063;7,400002;371;hard;Intermediária;;;;
51;64;0;5;3071;7,400002;372;hard;Intermediária;;;;
38;70;0;5;3078;7,400002;373;hard;Moderadamente Baixa;;;;
51;74;0;5;3086;7,400002;374;hard;Intermediária;;;;
48;70;0;5;3094;7,400002;375;hard;Intermediária;;;;
61;70;0;5;3101;7,400002;376;hard;Moderadamente Alta;;;;
80;70;0;5;3108;7,400002;377;hard;Alta;;;;
77;75;0;5;3116;7,400002;378;hard;Alta;;;;
81;80;0;5;3123;7,400002;379;hard;Alta;;;;
83;75;0;5;3131;7,400002;380;hard;Alta;;;;
70;77;0;5;3138;7,400002;381;hard;Moderadamente Alta;;;;
77;69;0;5;3146;7,400002;382;hard;Alta;;;;
70;70;0;5;3154;7,400002;383;hard;Moderadamente Alta;;;;
54;67;0;5;3161;7,400002;384;hard;Intermediária;;;;
44;64;0;5;3169;7,713023;385;hard;Intermediária;;;;
43;67;0;5;3177;7,996182;386;hard;Intermediária;;;;
35;83;0;5;3185;7,999923;387;hard;Moderadamente Baixa;;;;
51;87;0;5;3193;7,999998;388;hard;Intermediária;;;;
61;94;0;5;3201;7,999998;389;hard;Moderadamente Alta;;;;
67;84;0;5;3209;7,999998;390;hard;Moderadamente Alta;;;;
66;69;0;5;3217;7,999998;391;hard;Moderadamente Alta;;;;
66;64;0;5;3225;7,999998;392;hard;Moderadamente Alta;;;;
63;67;0;5;3233;7,999998;393;hard;Moderadamente Alta;;;;
64;70;0;5;3242;7,999998;394;hard;Moderadamente Alta;;;;
66;80;0;5;3250;8,411714;395;hard;Moderadamente Alta;;;;
54;80;0;5;3259;8,596563;396;hard;Intermediária;;;;
54;74;0;5;3267;8,599895;397;hard;Intermediária;;;;
57;78;0;5;3276;8,599997;398;hard;Intermediária;;;;
64;63;0;5;3285;8,599997;399;hard;Moderadamente Alta;;;;
70;56;0;5;3293;8,599997;400;hard;Moderadamente Alta;;;;
70;63;0;5;3302;8,599997;401;hard;Moderadamente Alta;;;;
77;56;0;5;3311;8,599997;402;hard;Alta;;;;
74;69;0;5;3320;8,599997;403;hard;Moderadamente Alta;;;;
80;75;0;5;3329;8,599997;404;hard;Alta;;;;
75;70;0;5;3338;9,730221;405;expert;Alta;;;;
67;70;0;5;3348;9,797844;406;expert;Moderadamente Alta;;;;
69;57;0;5;3357;9,799928;407;expert;Moderadamente Alta;;;;
56;57;0;5;3367;9,799996;408;expert;Intermediária;;;;
53;64;0;5;3377;9,799996;409;expert;Intermediária;;;;
44;69;0;5;3387;9,799996;410;expert;Intermediária;;;;
41;81;0;5;3397;9,799996;411;expert;Intermediária;;;;
47;81;0;5;3407;9,799996;412;expert;Intermediária;;;;
53;77;0;5;3417;9,799996;413;expert;Intermediária;;;;
53;77;0;5;3427;9,799996;414;expert;Intermediária;;;;
61;66;0;5;3436;8,706354;415;hard;Moderadamente Alta;;;;
60;74;0;5;3445;8,601572;416;hard;Moderadamente Alta;;;;
57;69;0;5;3453;8,600053;417;hard;Intermediária;;;;
56;80;0;5;3462;8,600004;418;hard;Intermediária;;;;
63;70;0;5;3471;8,600004;419;hard;Moderadamente Alta;;;;
77;66;0;5;3480;8,600004;420;hard;Alta;;;;
78;69;0;5;3488;8,600004;421;hard;Alta;;;;
88;63;0;6;3497;8,600004;422;hard;Alta;;;;
81;80;0;6;3506;8,600004;423;hard;Alta;;;;
77;84;0;6;3515;8,600004;424;hard;Alta;;;;
75;84;0;6;3524;9,146823;425;expert;Alta;;;;
77;88;0;6;3533;9,198174;426;expert;Alta;;;;
78;84;0;6;3542;9,199944;427;expert;Alta;;;;
78;84;0;6;3552;9,199996;428;expert;Alta;;;;
90;70;0;6;3561;9,199996;429;expert;Muito Alta;;;;
83;63;0;6;3571;9,199996;431;expert;Alta;;;;
90;63;0;6;3580;9,199996;432;expert;Muito Alta;;;;
78;67;0;6;3589;9,199996;433;expert;Alta;;;;
69;78;0;6;3599;9,199996;434;expert;Moderadamente Alta;;;;
60;88;0;6;3608;9,199996;435;expert;Moderadamente Alta;;;;
66;91;0;5;3617;8,612166;436;hard;Moderadamente Alta;;;;
66;91;0;5;3626;8,600417;437;hard;Moderadamente Alta;;;;
64;84;0;5;3634;8,600009;438;hard;Moderadamente Alta;;;;
60;74;0;5;3643;8,600004;439;hard;Moderadamente Alta;;;;
54;78;0;5;3652;8,600004;440;hard;Intermediária;;;;
56;69;0;5;3660;8,600004;441;hard;Intermediária;;;;
51;44;0;5;3669;8,600004;442;hard;Intermediária;;;;
48;48;0;5;3678;8,600004;443;hard;Intermediária;;;;
35;37;0;5;3687;8,600004;444;hard;Moderadamente Baixa;;;;
23;41;0;5;3695;8,600004;445;hard;Baixa;;;;
23;41;0;5;3702;6,274167;446;normal;Baixa;;;;
29;67;0;5;3709;6,200148;447;normal;Moderadamente Baixa;;;;
50;64;0;5;3715;6,200002;448;normal;Intermediária;;;;
50;70;0;5;3721;6,200002;449;normal;Intermediária;;;;
60;64;0;5;3727;6,200002;450;normal;Moderadamente Alta;;;;
60;67;0;5;3734;6,200002;451;normal;Moderadamente Alta;;;;
44;63;0;5;3740;6,200002;452;normal;Intermediária;;;;
53;56;0;5;3746;6,200002;453;normal;Intermediária;;;;
56;53;0;5;3752;6,200002;454;normal;Intermediária;;;;
56;54;0;5;3759;6,937119;455;hard;Intermediária;;;;
70;66;0;5;3767;7,998453;456;hard;Moderadamente Alta;;;;
67;67;0;5;3775;7,999998;457;hard;Moderadamente Alta;;;;
57;67;0;5;3783;7,999998;458;hard;Intermediária;;;;
57;67;0;5;3791;7,999998;459;hard;Intermediária;;;;
57;77;0;5;3799;7,999998;460;hard;Intermediária;;;;
51;81;0;5;3807;7,999998;461;hard;Intermediária;;;;
57;83;0;5;3815;7,999998;462;hard;Intermediária;;;;
56;75;0;5;3823;7,999998;463;hard;Intermediária;;;;
56;75;0;5;3831;7,999998;464;hard;Intermediária;;;;
40;74;0;5;3840;7,686977;465;hard;Intermediária;;;;
38;61;0;5;3847;7,408868;466;hard;Moderadamente Baixa;;;;
40;70;0;5;3855;7,400304;467;hard;Intermediária;;;;
44;74;0;5;3862;7,400005;468;hard;Intermediária;;;;
44;63;0;5;3870;7,400002;469;hard;Intermediária;;;;
38;83;0;5;3877;7,400002;470;hard;Moderadamente Baixa;;;;
43;78;0;5;3885;7,400002;471;hard;Intermediária;;;;
50;78;0;5;3892;7,400002;472;hard;Intermediária;;;;
48;93;0;5;3900;7,400002;473;hard;Intermediária;;;;
56;88;0;5;3907;7,400002;474;hard;Intermediária;;;;
43;67;0;5;3915;7,400002;475;hard;Intermediária;;;;
47;69;0;5;3922;7,400002;476;hard;Intermediária;;;;
50;63;0;5;3930;7,400002;477;hard;Intermediária;;;;
40;67;0;5;3937;7,400002;478;hard;Intermediária;;;;
41;80;0;5;3945;7,400002;479;hard;Intermediária;;;;
41;83;0;5;3952;7,400002;480;hard;Intermediária;;;;
40;80;0;5;3960;7,400002;481;hard;Intermediária;;;;
50;77;0;5;3967;7,400002;482;hard;Intermediária;;;;
48;67;0;6;3974;7,400002;483;hard;Intermediária;;;;
37;60;0;6;3982;7,400002;484;hard;Moderadamente Baixa;;;;
35;54;0;6;3989;6,838767;485;normal;Moderadamente Baixa;;;;
21;53;0;6;3996;6,80007;486;normal;Baixa;;;;
26;70;0;6;4003;6,800002;487;normal;Moderadamente Baixa;;;;
11;66;0;6;4010;6,800002;488;normal;Baixa;;;;
20;75;0;6;4017;6,800002;489;normal;Baixa;;;;
16;66;0;6;4024;6,800002;490;normal;Baixa;;;;
41;66;0;6;4030;6,800002;491;normal;Intermediária;;;;
56;77;0;6;4037;6,800002;492;normal;Intermediária;;;;
53;63;0;6;4044;6,800002;493;normal;Intermediária;;;;
60;63;0;6;4051;6,800002;494;normal;Moderadamente Alta;;;;
47;57;0;6;4059;8,299812;495;hard;Intermediária;;;;
44;60;0;6;4067;8,589694;496;hard;Intermediária;;;;
54;60;0;6;4076;8,599648;497;hard;Intermediária;;;;
47;74;0;6;4084;8,599989;498;hard;Intermediária;;;;
47;74;0;6;4093;8,599997;499;hard;Intermediária;;;;
53;77;0;6;4102;8,599997;500;hard;Intermediária;;;;
53;87;0;6;4111;8,599997;501;hard;Intermediária;;;;
63;75;0;6;4119;8,599997;502;hard;Moderadamente Alta;;;;
50;77;0;6;4128;8,599997;503;hard;Intermediária;;;;
63;70;0;6;4136;8,599997;504;hard;Moderadamente Alta;;;;
60;66;0;6;4145;8,599997;505;hard;Moderadamente Alta;;;;
47;69;0;6;4154;8,599997;506;hard;Intermediária;;;;
57;83;0;6;4162;8,599997;507;hard;Intermediária;;;;
60;69;0;6;4171;8,599997;508;hard;Moderadamente Alta;;;;
51;67;0;6;4180;8,599997;509;hard;Intermediária;;;;
60;63;0;6;4189;8,599997;510;hard;Moderadamente Alta;;;;
57;50;0;5;4197;8,599997;511;hard;Intermediária;;;;
53;69;0;5;4206;8,599997;512;hard;Intermediária;;;;
66;78;0;5;4215;8,599997;513;hard;Moderadamente Alta;;;;
67;75;0;5;4223;8,599997;514;hard;Moderadamente Alta;;;;
69;87;0;5;4232;8,599997;515;hard;Moderadamente Alta;;;;
63;88;0;5;4241;8,599997;517;hard;Moderadamente Alta;;;;
77;78;0;5;4249;8,599997;518;hard;Alta;;;;
74;66;0;5;4258;8,599997;519;hard;Moderadamente Alta;;;;
74;54;0;5;4267;8,599997;520;hard;Moderadamente Alta;;;;
66;47;0;5;4276;8,599997;521;hard;Moderadamente Alta;;;;
48;38;0;5;4285;8,599997;522;hard;Intermediária;;;;
38;56;0;5;4294;8,599997;523;hard;Moderadamente Baixa;;;;
40;57;0;5;4302;8,599997;524;hard;Intermediária;;;;
40;69;0;5;4311;8,599997;525;hard;Intermediária;;;;
41;83;0;5;4319;7,45087;526;hard;Intermediária;;;;
40;84;0;5;4327;7,401747;527;hard;Intermediária;;;;
30;87;0;5;4334;7,40006;528;hard;Moderadamente Baixa;;;;
30;74;0;5;4342;7,400002;529;hard;Moderadamente Baixa;;;;
50;67;0;5;4349;7,400002;530;hard;Intermediária;;;;
61;66;0;5;4357;7,400002;531;hard;Moderadamente Alta;;;;
69;50;0;5;4364;7,400002;532;hard;Moderadamente Alta;;;;
66;50;0;5;4372;7,400002;533;hard;Moderadamente Alta;;;;
43;40;0;5;4379;7,400002;534;hard;Intermediária;;;;
41;40;0;5;4387;7,400002;535;normal;Intermediária;;;;
35;66;0;5;4394;7,400002;536;normal;Moderadamente Baixa;;;;
41;74;0;5;4402;7,400002;537;normal;Intermediária;;;;
43;74;0;5;4409;7,400002;538;normal;Intermediária;;;;
57;61;0;5;4417;7,400002;539;normal;Intermediária;;;;
67;57;0;5;4424;7,400002;540;normal;Moderadamente Alta;;;;
69;69;0;5;4432;7,400002;541;normal;Moderadamente Alta;;;;
67;69;0;5;4439;7,400002;542;normal;Moderadamente Alta;;;;
63;66;0;4;4447;7,400002;543;normal;Moderadamente Alta;;;;
43;48;0;4;4454;7,400002;544;normal;Intermediária;;;;
43;54;0;4;4462;7,400002;545;normal;Intermediária;;;;
47;37;0;4;4469;7,400002;546;normal;Intermediária;;;;
41;53;0;5;4477;7,400002;547;normal;Intermediária;;;;
66;57;0;5;4484;7,400002;548;normal;Moderadamente Alta;;;;
74;60;0;5;4492;7,400002;549;normal;Moderadamente Alta;;;;
69;70;0;5;4500;7,400002;550;normal;Moderadamente Alta;;;;
67;66;0;5;4507;7,400002;551;normal;Moderadamente Alta;;;;
67;84;0;5;4515;7,400002;552;normal;Moderadamente Alta;;;;
67;77;0;5;4522;7,400002;553;normal;Moderadamente Alta;;;;
69;75;0;5;4530;7,400002;554;normal;Moderadamente Alta;;;;
84;70;0;5;4538;8,963173;555;expert;Alta;;;;
69;74;0;5;4547;9,771267;556;expert;Moderadamente Alta;;;;
60;60;0;5;4557;9,799014;557;expert;Moderadamente Alta;;;;
60;57;0;5;4567;9,799991;558;expert;Moderadamente Alta;;;;
44;51;0;5;4577;9,799996;559;expert;Intermediária;;;;
63;40;0;5;4587;9,799996;560;expert;Moderadamente Alta;;;;
70;48;0;5;4597;9,799996;561;expert;Moderadamente Alta;;;;
75;61;0;5;4606;9,799996;562;expert;Alta;;;;
77;75;0;5;4617;9,799996;563;expert;Alta;;;;
67;75;0;4;4626;9,799996;564;expert;Moderadamente Alta;;;;
67;75;0;4;4636;8,87452;565;hard;Moderadamente Alta;;;;
67;75;0;4;4645;8,609426;566;hard;Moderadamente Alta;;;;
57;77;0;4;4654;8,600323;567;hard;Intermediária;;;;
63;80;0;4;4663;8,60001;568;hard;Moderadamente Alta;;;;
80;78;0;4;4671;8,600004;569;hard;Alta;;;;
88;67;0;4;4680;8,600004;570;hard;Alta;;;;
84;77;0;4;4689;8,600004;571;hard;Alta;;;;
84;77;0;3;4697;8,600004;572;hard;Alta;;;;
70;69;0;3;4706;8,600004;573;hard;Moderadamente Alta;;;;
75;57;0;3;4714;8,600004;574;hard;Alta;;;;
78;48;0;3;4723;9,168599;575;hard;Alta;;;;
81;35;0;3;4733;9,199779;576;hard;Alta;;;;
94;41;0;3;4742;9,199992;577;hard;Muito Alta;;;;
87;64;0;3;4751;9,199996;578;hard;Alta;;;;
84;70;0;3;4761;9,199996;579;hard;Alta;;;;
91;69;0;3;4770;9,199996;580;hard;Muito Alta;;;;
100;53;0;3;4779;9,199996;581;hard;Muito Alta;;;;
100;37;0;3;4789;9,199996;583;hard;Muito Alta;;;;
100;34;0;3;4798;9,199996;584;hard;Muito Alta;;;;
100;34;0;3;4808;9,199996;585;hard;Muito Alta;;;;
96;53;0;3;4817;10,2687;586;hard;Muito Alta;;;;
81;60;0;2;4828;10,39549;587;hard;Alta;;;;
78;63;0;2;4838;10,39985;588;hard;Alta;;;;
56;64;0;2;4849;10,4;589;hard;Intermediária;;;;
47;51;0;2;4859;10,4;590;hard;Intermediária;;;;
38;54;0;2;4870;10,4;591;hard;Moderadamente Baixa;;;;
38;54;0;2;4880;10,4;592;hard;Moderadamente Baixa;;;;
44;74;0;2;4891;10,4;593;hard;Intermediária;;;;
35;70;0;3;4901;10,4;594;hard;Moderadamente Baixa;;;;
51;63;0;3;4912;10,4;595;hard;Intermediária;;;;
56;64;0;3;4922;8,172295;596;hard;Intermediária;;;;
64;54;0;3;4930;8,5916;597;hard;Moderadamente Alta;;;;
74;67;0;3;4938;8,183;598;hard;Moderadamente Alta;;;;
74;56;0;3;4946;8,5;599;hard;Moderadamente Alta;;;;
64;48;0;3;4954;8,4;600;hard;Moderadamente Alta;;;;
61;56;0;3;4962;8,4;601;hard;Moderadamente Alta;;;;
50;66;0;3;4970;8,4;602;hard;Intermediária;;;;
35;90;0;3;4978;8,4;603;hard;Moderadamente Baixa;;;;
48;94;0;3;4987;8,4;604;hard;Intermediária;;;;
47;78;0;3;4995;8,4;605;hard;Intermediária;;;;
53;69;0;3;5003;7,425436;606;hard;Intermediária;;;;
56;57;0;3;5010;7,400873;607;hard;Intermediária;;;;
35;56;0;3;5017;7,400029;608;hard;Moderadamente Baixa;;;;
30;60;0;3;5025;7,400002;609;hard;Moderadamente Baixa;;;;
14;63;0;3;5033;7,400002;610;hard;Baixa;;;;
13;51;0;3;5040;7,400002;611;hard;Baixa;;;;
29;56;0;3;5048;7,400002;612;hard;Moderadamente Baixa;;;;
27;70;0;3;5055;7,400002;613;hard;Moderadamente Baixa;;;;
44;67;0;3;5063;7,400002;614;hard;Intermediária;;;;
34;69;0;3;5070;7,237401;615;hard;Moderadamente Baixa;;;;
34;57;0;3;5077;6,815019;616;hard;Moderadamente Baixa;;;;
30;53;0;3;5084;6,800516;617;hard;Moderadamente Baixa;;;;
17;40;0;3;5091;6,800015;618;hard;Baixa;;;;
35;44;0;3;5098;6,800002;619;hard;Moderadamente Baixa;;;;
37;48;0;3;5105;6,800002;620;hard;Moderadamente Baixa;;;;
47;41;0;3;5112;6,800002;621;hard;Intermediária;;;;
53;56;0;3;5118;6,800002;622;hard;Intermediária;;;;
51;57;0;3;5125;6,800002;623;hard;Intermediária;;;;
57;66;0;3;5132;6,800002;624;hard;Intermediária;;;;
57;66;0;3;5139;7,291414;625;hard;Intermediária;;;;
56;69;0;3;5147;7,975669;626;hard;Intermediária;;;;
57;70;0;3;5155;7,999165;627;hard;Intermediária;;;;
50;70;0;2;5163;7,999971;628;hard;Intermediária;;;;
43;61;0;2;5171;7,999998;629;hard;Intermediária;;;;
37;69;0;2;5179;7,999998;630;hard;Moderadamente Baixa;;;;
26;67;0;2;5187;7,999998;631;hard;Moderadamente Baixa;;;;
16;53;0;2;5195;7,999998;632;hard;Baixa;;;;
14;56;0;2;5203;7,999998;633;hard;Baixa;;;;
16;57;0;2;5211;7,999998;634;hard;Baixa;;;;
35;50;0;2;5220;7,31656;635;normal;Moderadamente Baixa;;;;
41;70;0;2;5227;6,817737;636;normal;Intermediária;;;;
51;66;0;2;5233;6,800609;637;normal;Intermediária;;;;
69;63;0;2;5240;6,800021;638;normal;Moderadamente Alta;;;;
51;77;0;2;5247;6,800002;639;normal;Intermediária;;;;
43;77;0;2;5254;6,800002;640;normal;Intermediária;;;;
21;78;0;2;5261;6,800002;641;normal;Baixa;;;;
7;77;0;2;5268;6,800002;642;normal;Muito Baixa;;;;
1;61;0;2;5275;6,800002;643;normal;Muito Baixa;;;;
1;61;0;2;5282;6,800002;644;normal;Muito Baixa;;;;
1;57;0;2;5288;5,564859;645;normal;Muito Baixa;;;;
20;53;0;2;5293;5,19395;646;normal;Baixa;;;;
20;66;0;2;5299;5,599;647;normal;Baixa;;;;
14;61;0;2;5304;5,19;648;normal;Baixa;;;;
21;66;0;2;5309;5,2;649;normal;Baixa;;;;
13;61;0;2;5314;5,2;650;normal;Baixa;;;;
4;48;0;2;5319;5,2;651;normal;Muito Baixa;;;;
13;48;0;2;5324;5,2;652;normal;Baixa;;;;
4;41;0;2;5329;5,2;653;normal;Muito Baixa;;;;
3;48;0;2;5334;5,2;654;normal;Muito Baixa;;;;
1;53;0;2;5339;5,2;655;normal;Muito Baixa;;;;
21;54;0;2;5344;5,2;656;normal;Baixa;;;;
27;53;0;2;5349;5,2;657;normal;Moderadamente Baixa;;;;
30;61;0;2;5354;5,2;658;normal;Moderadamente Baixa;;;;
34;54;0;2;5359;5,2;660;normal;Moderadamente Baixa;;;;
11;63;0;2;5364;5,2;661;normal;Baixa;;;;
8;74;0;2;5369;5,2;662;normal;Muito Baixa;;;;
1;80;0;2;5374;5,2;663;normal;Muito Baixa;;;;
13;94;0;2;5380;5,2;664;normal;Baixa;;;;
26;81;0;2;5385;5,2;665;normal;Moderadamente Baixa;;;;
29;77;0;2;5390;6,37898;666;hard;Moderadamente Baixa;;;;
38;60;0;2;5396;6,194434;667;hard;Moderadamente Baixa;;;;
30;61;0;2;5403;6,199828;668;hard;Moderadamente Baixa;;;;
13;61;0;2;5409;6,199994;669;hard;Baixa;;;;
13;64;0;2;5415;6,199998;670;hard;Baixa;;;;
1;57;0;2;5422;6,199998;671;hard;Muito Baixa;;;;
8;47;0;2;5428;6,199998;672;hard;Muito Baixa;;;;
16;56;0;2;5434;6,199998;673;hard;Baixa;;;;
16;56;0;3;5441;6,199998;674;hard;Baixa;;;;
17;48;0;3;5447;6,199998;675;hard;Baixa;;;;
14;40;0;3;5453;5,647859;676;normal;Baixa;;;;
27;35;0;3;5459;5,601643;677;normal;Moderadamente Baixa;;;;
35;20;0;3;5464;5,60005;678;normal;Moderadamente Baixa;;;;
40;44;0;3;5470;5,600002;679;normal;Intermediária;;;;
30;64;0;3;5476;5,600002;680;normal;Moderadamente Baixa;;;;
21;81;0;3;5481;5,600002;681;normal;Baixa;;;;
21;100;0;3;5487;5,600002;682;normal;Baixa;;;;
21;100;0;3;5493;5,600002;683;normal;Baixa;;;;
37;94;0;3;5498;5,600002;684;normal;Moderadamente Baixa;;;;
38;75;0;3;5504;5,600002;685;normal;Moderadamente Baixa;;;;
40;70;0;3;5511;7,305798;686;hard;Intermediária;;;;
30;54;0;3;5518;7,396766;687;hard;Moderadamente Baixa;;;;
37;38;0;3;5526;7,399889;688;hard;Moderadamente Baixa;;;;
24;37;0;3;5533;7,399996;689;hard;Baixa;;;;
35;35;0;3;5540;7,399998;690;hard;Moderadamente Baixa;;;;
23;40;0;3;5548;7,399998;691;hard;Baixa;;;;
13;35;0;3;5555;7,399998;692;hard;Baixa;;;;
17;57;0;3;5563;7,399998;693;hard;Baixa;;;;
16;77;0;3;5570;7,399998;694;hard;Baixa;;;;
16;80;0;3;5578;7,399998;695;hard;Baixa;;;;
21;67;0;3;5584;5,676303;696;normal;Baixa;;;;
11;60;0;3;5590;5,60262;697;normal;Baixa;;;;
11;47;0;3;5595;5,60009;698;normal;Baixa;;;;
27;54;0;3;5601;5,600003;699;normal;Moderadamente Baixa;;;;
17;48;0;3;5607;5,600002;700;normal;Baixa;;;;
35;34;0;3;5612;5,600002;701;normal;Moderadamente Baixa;;;;
50;41;0;3;5618;5,600002;702;normal;Intermediária;;;;
35;48;0;3;5624;5,600002;703;normal;Moderadamente Baixa;;;;
30;57;0;3;5629;5,600002;704;normal;Moderadamente Baixa;;;;
27;77;0;3;5635;5,660002;705;hard;Moderadamente Baixa;;;;
21;78;0;3;5641;6,181458;706;hard;Baixa;;;;
17;56;0;3;5647;6,199363;707;hard;Baixa;;;;
20;57;0;3;5654;6,199981;708;hard;Baixa;;;;
23;54;0;3;5660;6,199998;709;hard;Baixa;;;;
27;54;0;3;5666;6,199998;710;hard;Moderadamente Baixa;;;;
44;69;0;3;5673;6,199998;711;hard;Intermediária;;;;
40;77;0;3;5679;6,199998;712;hard;Intermediária;;;;
30;84;0;3;5685;6,199998;713;hard;Moderadamente Baixa;;;;
27;81;0;3;5691;6,199998;714;hard;Moderadamente Baixa;;;;
24;80;0;3;5698;6,199998;715;hard;Baixa;;;;
34;69;0;3;5704;6,199998;716;hard;Moderadamente Baixa;;;;
41;56;0;3;5710;6,199998;717;hard;Intermediária;;;;
38;61;0;3;5717;6,199998;718;hard;Moderadamente Baixa;;;;
37;63;0;3;5723;6,199998;719;hard;Moderadamente Baixa;;;;
27;63;0;3;5729;6,199998;720;hard;Moderadamente Baixa;;;;
26;70;0;3;5736;6,199998;721;hard;Moderadamente Baixa;;;;
26;70;0;3;5742;6,199998;722;hard;Moderadamente Baixa;;;;
34;63;0;3;5748;6,199998;723;hard;Moderadamente Baixa;;;;
30;80;0;3;5755;6,199998;724;hard;Moderadamente Baixa;;;;
34;74;0;3;5761;6,590793;725;hard;Moderadamente Baixa;;;;
48;61;0;3;5768;6,792817;726;hard;Intermediária;;;;
44;75;0;3;5775;6,799754;727;hard;Intermediária;;;;
69;54;0;3;5782;6,799993;728;hard;Moderadamente Alta;;;;
61;57;0;3;5789;6,799998;729;hard;Moderadamente Alta;;;;
35;51;0;3;5795;6,799998;730;hard;Moderadamente Baixa;;;;
47;41;0;4;5802;6,799998;731;hard;Intermediária;;;;
47;41;0;4;5809;6,799998;732;hard;Intermediária;;;;
7;26;0;4;5816;6,799998;733;hard;Muito Baixa;;;;
35;35;0;4;5823;6,799998;735;hard;Moderadamente Baixa;;;;
27;41;0;4;5830;6,33726;736;normal;Moderadamente Baixa;;;;
53;47;0;4;5836;6,204713;737;normal;Intermediária;;;;
66;57;0;4;5842;6,200161;738;normal;Moderadamente Alta;;;;
56;67;0;4;5849;6,200005;739;normal;Intermediária;;;;
53;63;0;4;5855;6,200002;740;normal;Intermediária;;;;
50;75;0;4;5861;6,200002;741;normal;Intermediária;;;;
54;70;0;4;5867;6,200002;742;normal;Intermediária;;;;
53;51;0;4;5874;6,200002;743;normal;Intermediária;;;;
61;60;0;4;5880;6,200002;744;normal;Moderadamente Alta;;;;
54;66;0;4;5886;6,200002;745;normal;Intermediária;;;;
57;91;0;4;5893;7,666457;746;hard;Intermediária;;;;
60;78;0;4;5901;7,988548;747;hard;Moderadamente Alta;;;;
74;57;0;4;5909;7,999608;748;hard;Moderadamente Alta;;;;
75;57;0;4;5917;7,999988;749;hard;Alta;;;;
61;41;0;4;5925;7,999998;750;hard;Moderadamente Alta;;;;
63;56;0;4;5933;7,999998;751;hard;Moderadamente Alta;;;;
51;61;0;4;5941;7,999998;752;hard;Intermediária;;;;
38;57;0;4;5949;7,999998;753;hard;Moderadamente Baixa;;;;
48;56;0;4;5957;7,999998;754;hard;Intermediária;;;;
41;41;0;4;5966;7,999998;755;hard;Intermediária;;;;
41;48;0;4;5974;7,48105;756;normal;Intermediária;;;;
74;37;0;4;5981;7,402783;757;normal;Moderadamente Alta;;;;
66;37;0;4;5988;7,400095;758;normal;Moderadamente Alta;;;;
66;37;0;4;5996;7,400003;759;normal;Moderadamente Alta;;;;
64;60;0;4;6003;7,400002;760;normal;Moderadamente Alta;;;;
47;80;0;4;6011;7,400002;761;normal;Intermediária;;;;
54;81;0;4;6018;7,400002;762;normal;Intermediária;;;;
53;67;0;4;6026;7,400002;763;normal;Intermediária;;;;
54;61;0;4;6033;7,400002;764;normal;Intermediária;;;;
51;56;0;4;6041;7,400002;765;normal;Intermediária;;;;
43;70;0;4;6049;7,940915;766;hard;Intermediária;;;;
43;78;0;4;6057;7,998174;767;hard;Intermediária;;;;
53;80;0;4;6065;7,999938;768;hard;Intermediária;;;;
51;91;0;4;6073;7,999998;769;hard;Intermediária;;;;
54;90;0;4;6081;7,999998;770;hard;Intermediária;;;;
57;75;0;4;6089;7,999998;771;hard;Intermediária;;;;
47;69;0;4;6097;7,999998;772;hard;Intermediária;;;;
44;54;0;4;6105;7,999998;773;hard;Intermediária;;;;
37;54;0;4;6113;7,999998;774;hard;Moderadamente Baixa;;;;
37;57;0;4;6121;7,999998;775;hard;Moderadamente Baixa;;;;
43;56;0;4;6129;6,877533;776;normal;Intermediária;;;;
50;63;0;4;6136;6,802662;777;normal;Intermediária;;;;
64;56;0;4;6143;6,800083;778;normal;Moderadamente Alta;;;;
66;64;0;4;6150;6,800003;779;normal;Moderadamente Alta;;;;
66;78;0;4;6157;6,800002;780;normal;Moderadamente Alta;;;;
74;80;0;4;6163;6,800002;781;normal;Moderadamente Alta;;;;
81;77;0;4;6170;6,800002;782;normal;Alta;;;;
77;64;0;4;6177;6,800002;783;normal;Alta;;;;
77;64;0;4;6184;6,800002;784;normal;Alta;;;;
64;64;0;4;6191;6,800002;785;normal;Moderadamente Alta;;;;
54;75;0;4;6199;8,515218;786;hard;Intermediária;;;;
67;75;0;4;6208;8,59709;787;hard;Moderadamente Alta;;;;
64;57;0;5;6216;8,599901;788;hard;Moderadamente Alta;;;;
77;57;0;5;6225;8,599997;789;hard;Alta;;;;
77;53;0;5;6234;8,599997;790;hard;Alta;;;;
69;60;0;5;6242;8,599997;791;hard;Moderadamente Alta;;;;
64;70;0;5;6251;8,599997;792;hard;Moderadamente Alta;;;;
61;60;0;5;6260;8,599997;793;hard;Moderadamente Alta;;;;
60;54;0;5;6268;8,599997;794;hard;Moderadamente Alta;;;;
60;54;0;5;6277;8,599997;795;hard;Moderadamente Alta;;;;
63;56;0;5;6286;8,599997;796;hard;Moderadamente Alta;;;;
47;61;0;5;6294;8,599997;797;hard;Intermediária;;;;
30;61;0;5;6303;8,599997;798;hard;Moderadamente Baixa;;;;
21;77;0;5;6312;8,599997;799;hard;Baixa;;;;
23;56;0;5;6321;8,599997;800;hard;Baixa;;;;
34;57;0;5;6329;8,599997;801;hard;Moderadamente Baixa;;;;
51;63;0;5;6338;8,599997;802;hard;Intermediária;;;;
47;51;0;5;6346;8,599997;803;hard;Intermediária;;;;
51;53;0;5;6355;8,599997;804;hard;Intermediária;;;;
37;51;0;5;6364;8,419997;805;normal;Moderadamente Baixa;;;;
51;63;0;5;6371;6,855625;806;normal;Intermediária;;;;
47;81;0;5;6378;6,80191;807;normal;Intermediária;;;;
41;67;0;5;6385;6,800059;808;normal;Intermediária;;;;
41;70;0;5;6392;6,800002;809;normal;Intermediária;;;;
23;66;0;5;6399;6,800002;810;normal;Baixa;;;;
24;56;0;5;6406;6,800002;811;normal;Baixa;;;;
43;63;0;4;6412;6,800002;812;normal;Intermediária;;;;
47;66;0;4;6419;6,800002;813;normal;Intermediária;;;;
64;51;0;4;6426;6,800002;814;normal;Moderadamente Alta;;;;
51;61;0;4;6433;7,212682;815;hard;Intermediária;;;;
51;61;0;4;6441;7,972966;816;hard;Intermediária;;;;
38;75;0;4;6449;7,999165;817;hard;Moderadamente Baixa;;;;
21;77;0;4;6457;7,999971;818;hard;Baixa;;;;
34;67;0;4;6465;7,999998;819;hard;Moderadamente Baixa;;;;
29;69;0;4;6473;7,999998;820;hard;Moderadamente Baixa;;;;
37;84;0;4;6481;7,999998;821;hard;Moderadamente Baixa;;;;
48;96;0;4;6489;7,999998;822;hard;Intermediária;;;;
63;77;0;4;6497;7,999998;823;hard;Moderadamente Alta;;;;
70;70;0;4;6505;7,999998;824;hard;Moderadamente Alta;;;;
70;70;0;4;6513;8,56227;825;hard;Moderadamente Alta;;;;
69;35;0;4;6523;9,178103;826;hard;Moderadamente Alta;;;;
56;43;0;4;6532;9,199248;827;hard;Intermediária;;;;
64;26;0;4;6541;9,199975;828;hard;Moderadamente Alta;;;;
81;35;0;4;6550;9,199996;829;hard;Alta;;;;
66;40;0;4;6560;9,199996;830;hard;Moderadamente Alta;;;;
54;54;0;4;6569;9,199996;831;hard;Intermediária;;;;
44;77;0;4;6578;9,199996;833;hard;Intermediária;;;;
43;80;0;4;6587;9,199996;834;hard;Intermediária;;;;
30;81;0;4;6597;9,199996;835;hard;Moderadamente Baixa;;;;
29;91;0;4;6606;7,634889;836;hard;Moderadamente Baixa;;;;
29;75;0;4;6612;6,249269;837;hard;Moderadamente Baixa;;;;
24;84;0;4;6619;6,201691;838;hard;Baixa;;;;
40;91;0;4;6625;6,200058;839;hard;Intermediária;;;;
48;69;0;4;6631;6,200002;840;hard;Intermediária;;;;
26;64;0;4;6637;6,200002;841;hard;Moderadamente Baixa;;;;
34;44;0;4;6643;6,200002;842;hard;Moderadamente Baixa;;;;
23;37;0;4;6650;6,200002;843;hard;Baixa;;;;
20;51;0;4;6656;6,200002;844;hard;Baixa;;;;
47;53;0;4;6662;6,200002;845;hard;Intermediária;;;;
43;61;0;4;6669;6,935096;846;hard;Intermediária;;;;
60;57;0;4;6676;7,385633;847;hard;Moderadamente Alta;;;;
70;60;0;4;6684;7,399507;848;hard;Moderadamente Alta;;;;
70;60;0;4;6691;7,399983;849;hard;Moderadamente Alta;;;;
80;51;0;5;6699;7,399998;850;hard;Alta;;;;
67;48;0;5;6706;7,399998;851;hard;Moderadamente Alta;;;;
64;40;0;5;6714;7,399998;852;hard;Moderadamente Alta;;;;
64;34;0;5;6721;7,399998;853;hard;Moderadamente Alta;;;;
53;54;0;5;6728;7,399998;854;hard;Intermediária;;;;
60;56;0;5;6736;7,399998;855;hard;Moderadamente Alta;;;;
51;48;0;5;6743;7,830543;856;normal;Intermediária;;;;
38;53;0;5;6751;7,994182;857;normal;Moderadamente Baixa;;;;
26;38;0;5;6759;7,999801;858;normal;Moderadamente Baixa;;;;
29;47;0;5;6768;7,999994;859;normal;Moderadamente Baixa;;;;
34;57;0;5;6776;7,999998;860;normal;Moderadamente Baixa;;;;
35;50;0;5;6784;7,999998;861;normal;Moderadamente Baixa;;;;
26;34;0;5;6792;7,999998;862;normal;Moderadamente Baixa;;;;
8;26;0;5;6800;7,999998;863;normal;Muito Baixa;;;;
11;29;0;5;6808;7,999998;864;normal;Baixa;;;;
24;35;0;4;6816;7,999998;865;normal;Baixa;;;;
35;70;0;4;6824;7,22362;866;hard;Moderadamente Baixa;;;;
54;70;0;4;6831;6,806872;867;hard;Intermediária;;;;
44;69;0;4;6838;6,800236;868;hard;Intermediária;;;;
60;61;0;4;6845;6,800007;869;hard;Moderadamente Alta;;;;
44;66;0;3;6852;6,800002;870;hard;Intermediária;;;;
30;60;0;2;6859;6,800002;871;hard;Moderadamente Baixa;;;;
16;74;0;1;6866;6,800002;872;hard;Baixa;;;;
10;70;0;1;6873;6,800002;873;hard;Baixa;;;;
23;77;0;1;6880;6,800002;874;hard;Baixa;;;;
37;63;0;1;6887;6,800002;875;hard;Moderadamente Baixa;;;;
44;57;0;0;6892;2,33852;876;normal;Intermediária;;;;
48;60;0;0;6892;6,662127;877;normal;Intermediária;;;;
38;56;0;0;6892;6,795267;878;normal;Moderadamente Baixa;;;;
38;56;0;0;6892;6,799838;879;normal;Moderadamente Baixa;;;;
20;60;0;0;6892;6,799995;880;normal;Baixa;;;;
8;50;0;0;6892;6,799998;881;normal;Muito Baixa;;;;
